epoch,time,train/box_loss,train/cls_loss,train/dfl_loss,metrics/precision(B),metrics/recall(B),metrics/mAP50(B),metrics/mAP50-95(B),val/box_loss,val/cls_loss,val/dfl_loss,lr/pg0,lr/pg1,lr/pg2
1,339.42,2.78728,6.06757,2.47382,0.00329,0.01786,0.00309,0.00104,3.25763,12.928,2.6624,0.000140735,0.000140735,0.000140735
2,661.397,2.4585,4.34318,2.19772,0.14571,0.02206,0.00108,0.00049,3.0402,13.453,2.64613,0.000282907,0.000282907,0.000282907
3,979.599,2.17279,3.64562,2.04066,0.43107,0.00213,0.00069,0.00024,2.81289,7.38069,2.34165,0.000422207,0.000422207,0.000422207
4,1297.47,2.08073,3.20106,2.01659,0.08218,0.00533,0.00376,0.0013,2.63723,5.66988,2.28365,0.00042208,0.00042208,0.00042208
5,1613,1.92607,2.91927,1.91658,0.57666,0.00853,0.00417,0.00124,2.69036,5.56641,2.29198,0.000417774,0.000417774,0.000417774
6,1930.12,1.88788,2.62791,1.84364,0.05001,0.03147,0.01121,0.00324,2.70391,5.23455,2.37126,0.000413467,0.000413467,0.000413467
7,2254.8,1.78588,2.41007,1.77119,0.01253,0.01339,0.00737,0.00246,2.47501,4.84511,2.30745,0.000409161,0.000409161,0.000409161
8,2571.37,1.78008,2.39694,1.77645,0.24395,0.0387,0.01491,0.00558,2.56576,4.56423,2.25868,0.000404854,0.000404854,0.000404854
9,2873.13,1.73299,2.2865,1.71374,0.16945,0.01797,0.0146,0.00417,2.54667,4.38027,2.27966,0.000400548,0.000400548,0.000400548
10,3154.7,1.62174,2.10814,1.65971,0.12438,0.04262,0.01865,0.00629,2.59177,4.47369,2.26119,0.000396242,0.000396242,0.000396242
11,3448.25,1.60506,2.02264,1.64624,0.18056,0.03967,0.03283,0.01328,2.56059,4.24535,2.36155,0.000391935,0.000391935,0.000391935
12,3757.11,1.58097,1.88345,1.60168,0.26979,0.0256,0.0408,0.01656,2.5985,4.15829,2.29821,0.000387629,0.000387629,0.000387629
13,4072.67,1.50928,1.81222,1.58148,0.31505,0.03588,0.05246,0.01412,2.62882,4.30204,2.41616,0.000383322,0.000383322,0.000383322
14,4389.62,1.47308,1.78858,1.54437,0.11531,0.05537,0.05396,0.02438,2.58363,4.20775,2.42331,0.000379015,0.000379015,0.000379015
15,4704.38,1.45348,1.78903,1.53394,0.32358,0.04152,0.02798,0.00886,2.5403,4.19896,2.35506,0.000374709,0.000374709,0.000374709
16,5019.12,1.39361,1.69052,1.48764,0.3411,0.04385,0.02467,0.00981,2.49147,4.09604,2.31582,0.000370403,0.000370403,0.000370403
17,5332.14,1.36006,1.59384,1.46831,0.13132,0.0595,0.02985,0.01179,2.48389,3.9891,2.24189,0.000366096,0.000366096,0.000366096
18,5648.22,1.32552,1.56286,1.45828,0.29548,0.07598,0.04884,0.02516,2.40891,3.77726,2.26057,0.00036179,0.00036179,0.00036179
19,5952.91,1.28792,1.5063,1.40821,0.19929,0.0593,0.03392,0.01048,2.46431,3.8298,2.24917,0.000357483,0.000357483,0.000357483
20,6260.31,1.2764,1.50809,1.42846,0.34192,0.09175,0.06637,0.03285,2.30765,3.71967,2.17304,0.000353177,0.000353177,0.000353177
21,6571.45,1.28244,1.51937,1.42887,0.14618,0.06089,0.04779,0.02058,2.36743,3.97337,2.23443,0.00034887,0.00034887,0.00034887
22,6897.02,1.24782,1.51367,1.39486,0.33174,0.08987,0.08309,0.04467,2.43728,3.67422,2.17428,0.000344563,0.000344563,0.000344563
23,7210.65,1.20752,1.42058,1.36809,0.34261,0.07665,0.06182,0.03054,2.44173,3.54625,2.15435,0.000340257,0.000340257,0.000340257
24,7518.28,1.19429,1.31192,1.35408,0.48688,0.07951,0.07999,0.04317,2.38386,3.57789,2.22216,0.000335951,0.000335951,0.000335951
25,7831.14,1.19928,1.33603,1.36875,0.35822,0.11215,0.09845,0.04306,2.43673,3.36502,2.28833,0.000331644,0.000331644,0.000331644
26,8138.54,1.17098,1.31411,1.33397,0.50882,0.09516,0.10407,0.04633,2.36406,3.47261,2.21749,0.000327337,0.000327337,0.000327337
27,8446.94,1.18785,1.28949,1.36116,0.40527,0.08059,0.05717,0.02486,2.46215,3.79767,2.21333,0.000323031,0.000323031,0.000323031
28,8754.98,1.1819,1.30037,1.35741,0.27396,0.09844,0.08098,0.0369,2.43486,3.47405,2.2325,0.000318725,0.000318725,0.000318725
29,9051.56,1.09604,1.16714,1.30933,0.43631,0.09533,0.10338,0.05357,2.3521,3.45786,2.16014,0.000314418,0.000314418,0.000314418
30,9348.13,1.09457,1.13938,1.30306,0.32205,0.15474,0.12305,0.05776,2.38443,3.44391,2.22255,0.000310111,0.000310111,0.000310111
31,9645.65,1.10944,1.18214,1.30259,0.26803,0.13718,0.10265,0.05626,2.40016,3.53418,2.19523,0.000305805,0.000305805,0.000305805
32,9942.67,1.10766,1.1607,1.30243,0.21926,0.14443,0.119,0.06614,2.31617,3.21841,2.17675,0.000301498,0.000301498,0.000301498
33,10239.8,1.09418,1.19019,1.28415,0.44261,0.08244,0.09586,0.04955,2.30812,3.21451,2.12438,0.000297192,0.000297192,0.000297192
34,10536.8,1.12303,1.18859,1.30025,0.26718,0.11707,0.09871,0.05809,2.33805,3.42927,2.15489,0.000292885,0.000292885,0.000292885
35,11970.9,1.08626,1.11839,1.26228,0.34049,0.10995,0.12276,0.07378,2.26483,3.13932,2.10985,0.000288579,0.000288579,0.000288579
36,12276.2,1.03462,1.08711,1.26407,0.45539,0.11242,0.1283,0.079,2.25959,3.15905,2.09117,0.000284272,0.000284272,0.000284272
37,12569.6,1.04723,1.08093,1.25773,0.37825,0.1372,0.12482,0.07049,2.29722,3.07038,2.1263,0.000279966,0.000279966,0.000279966
38,12871.1,1.08246,1.10457,1.2681,0.38932,0.15181,0.11863,0.06605,2.30275,3.14398,2.1348,0.00027566,0.00027566,0.00027566
39,13166.6,1.01874,1.02045,1.24519,0.38845,0.1682,0.14423,0.07578,2.28548,2.99114,2.10372,0.000271353,0.000271353,0.000271353
40,13462.5,0.9839,0.97217,1.20496,0.34321,0.14844,0.13359,0.08465,2.29611,3.04938,2.06591,0.000267047,0.000267047,0.000267047
41,13759.9,1.02321,1.03026,1.24803,0.39393,0.15306,0.13471,0.07928,2.24611,2.95262,2.09075,0.00026274,0.00026274,0.00026274
42,14055.9,0.97879,1.03983,1.22868,0.40572,0.14489,0.13049,0.07235,2.22796,2.93599,2.06187,0.000258434,0.000258434,0.000258434
43,14352.4,1.00747,1.00034,1.23573,0.3027,0.17615,0.1367,0.06879,2.21174,2.9696,2.14488,0.000254127,0.000254127,0.000254127
44,14647.6,0.99441,0.9981,1.22677,0.47417,0.16689,0.15845,0.08072,2.19268,2.99882,2.07977,0.00024982,0.00024982,0.00024982
45,14943,0.97726,0.99774,1.21409,0.4192,0.15909,0.14711,0.07926,2.25169,3.02213,2.11265,0.000245514,0.000245514,0.000245514
46,15238.5,0.97095,1.00608,1.19543,0.44225,0.16331,0.15344,0.09586,2.22361,2.87615,2.09771,0.000241207,0.000241207,0.000241207
47,15533.5,0.92558,0.87561,1.17244,0.30984,0.17407,0.15963,0.09666,2.26218,2.9439,2.11472,0.000236901,0.000236901,0.000236901
48,15830.1,0.93272,0.91184,1.1832,0.37961,0.15826,0.14966,0.09562,2.1976,2.97867,2.08942,0.000232595,0.000232595,0.000232595
49,16126,0.96495,0.96065,1.21114,0.45135,0.15672,0.14175,0.0857,2.17642,2.86225,2.10068,0.000228288,0.000228288,0.000228288
50,16427.5,0.89554,0.91883,1.1784,0.43417,0.15677,0.15145,0.09652,2.11782,2.6356,2.0442,0.000223982,0.000223982,0.000223982
51,16726.7,0.89684,0.87909,1.16145,0.46297,0.15912,0.15277,0.1026,2.16013,2.74434,2.08996,0.000219675,0.000219675,0.000219675
52,17028,0.87921,0.85776,1.1495,0.42821,0.17645,0.14925,0.08978,2.2198,2.74127,2.08398,0.000215368,0.000215368,0.000215368
53,17328.2,0.87814,0.87037,1.14483,0.42498,0.17598,0.15082,0.10089,2.14245,2.65384,2.05122,0.000211062,0.000211062,0.000211062
54,17628.7,0.85665,0.83885,1.13514,0.53566,0.15408,0.15084,0.09706,2.19709,2.7917,2.07546,0.000206755,0.000206755,0.000206755
55,17927.7,0.83983,0.79519,1.12688,0.3714,0.16528,0.15061,0.09788,2.15495,2.76226,2.02833,0.000202449,0.000202449,0.000202449
56,18227.5,0.8541,0.83819,1.13774,0.34638,0.16988,0.14459,0.09504,2.20945,2.81577,2.08559,0.000198142,0.000198142,0.000198142
57,18525.5,0.84893,0.83951,1.12123,0.47739,0.16235,0.16511,0.10349,2.24078,2.78904,2.13691,0.000193836,0.000193836,0.000193836
58,18825.8,0.82281,0.78673,1.11657,0.44435,0.16608,0.1645,0.10888,2.15027,2.76227,2.08336,0.00018953,0.00018953,0.00018953
59,19125.3,0.84168,0.80693,1.11873,0.37429,0.16545,0.15576,0.10133,2.14903,2.73584,2.05242,0.000185223,0.000185223,0.000185223
60,19436.6,0.78144,0.77081,1.08677,0.35487,0.1635,0.14668,0.09586,2.13108,2.72594,2.03284,0.000180917,0.000180917,0.000180917
61,19751,0.82712,0.7754,1.11341,0.44492,0.17003,0.14917,0.09367,2.12305,2.70829,2.04944,0.00017661,0.00017661,0.00017661
62,20062.5,0.83149,0.79747,1.12302,0.48866,0.16111,0.15949,0.10001,2.16745,2.71345,2.07118,0.000172304,0.000172304,0.000172304
63,20374.1,0.83641,0.79434,1.11781,0.35052,0.16608,0.15481,0.09768,2.21492,2.8074,2.12073,0.000167997,0.000167997,0.000167997
64,20685.2,0.83414,0.77065,1.11581,0.44049,0.18194,0.1655,0.09208,2.23004,2.7449,2.09096,0.000163691,0.000163691,0.000163691
65,20994.4,0.7838,0.73993,1.09342,0.46354,0.17362,0.15549,0.08764,2.1575,2.76027,2.06766,0.000159384,0.000159384,0.000159384
66,21303.6,0.78163,0.73309,1.08353,0.33988,0.15982,0.14972,0.09512,2.12774,2.83989,2.0103,0.000155078,0.000155078,0.000155078
67,21613.1,0.78966,0.75778,1.1036,0.44053,0.17443,0.15232,0.09974,2.11803,2.79756,2.03902,0.000150771,0.000150771,0.000150771
68,21922.7,0.7967,0.77325,1.10937,0.486,0.16057,0.15945,0.10441,2.1554,2.71896,2.0624,0.000146464,0.000146464,0.000146464
69,22231,0.78756,0.78352,1.09903,0.39689,0.18751,0.17643,0.10671,2.12378,2.66887,2.07367,0.000142158,0.000142158,0.000142158
70,22549.9,0.7628,0.73274,1.07056,0.43993,0.16636,0.16101,0.10471,2.12438,2.74306,2.06039,0.000137852,0.000137852,0.000137852
71,22858.7,0.7514,0.71511,1.06069,0.44759,0.17228,0.1596,0.10424,2.08079,2.75825,1.99269,0.000133545,0.000133545,0.000133545
72,23172.4,0.74636,0.69654,1.06844,0.44229,0.18004,0.16463,0.10024,2.12859,2.68571,2.01538,0.000129239,0.000129239,0.000129239
73,23480.9,0.74056,0.68632,1.05586,0.47802,0.18516,0.16981,0.10479,2.14573,2.72765,2.01151,0.000124932,0.000124932,0.000124932
74,23779.7,0.74744,0.70798,1.07896,0.43557,0.19623,0.1681,0.1028,2.15648,2.73774,2.03082,0.000120626,0.000120626,0.000120626
75,24090.4,0.73964,0.69237,1.05058,0.4843,0.19144,0.16891,0.10571,2.10412,2.7187,2.03523,0.000116319,0.000116319,0.000116319
76,24407.6,0.73958,0.71678,1.07066,0.48638,0.17911,0.16836,0.10309,2.16086,2.75769,2.07523,0.000112013,0.000112013,0.000112013
77,24720,0.72288,0.68806,1.05969,0.46013,0.1907,0.16656,0.10432,2.12578,2.67055,2.05868,0.000107706,0.000107706,0.000107706
78,25030.8,0.70807,0.64593,1.04185,0.44215,0.19794,0.16912,0.10958,2.17458,2.70773,2.04773,0.000103399,0.000103399,0.000103399
79,25339.5,0.71809,0.71719,1.05931,0.44086,0.19765,0.17239,0.11497,2.1511,2.60019,2.0595,9.9093e-05,9.9093e-05,9.9093e-05
80,25646.5,0.71935,0.69566,1.0564,0.45199,0.18872,0.16457,0.11112,2.13008,2.61201,2.07096,9.47865e-05,9.47865e-05,9.47865e-05
81,25954.7,0.68321,0.63545,1.02697,0.46424,0.17338,0.16563,0.1114,2.16696,2.62814,2.12251,9.048e-05,9.048e-05,9.048e-05
82,26268.1,0.72374,0.64748,1.05568,0.48234,0.17601,0.17017,0.11166,2.16318,2.65719,2.12147,8.61735e-05,8.61735e-05,8.61735e-05
83,26575.2,0.69321,0.64088,1.02718,0.46596,0.20275,0.17515,0.11356,2.12944,2.62568,2.10613,8.1867e-05,8.1867e-05,8.1867e-05
84,26879.9,0.69343,0.63827,1.03638,0.44475,0.18742,0.16783,0.10923,2.1143,2.61319,2.09955,7.75605e-05,7.75605e-05,7.75605e-05
85,27183.3,0.66832,0.63247,1.03069,0.44995,0.18879,0.1683,0.1074,2.1533,2.63313,2.12278,7.3254e-05,7.3254e-05,7.3254e-05
86,27488.7,0.68593,0.65206,1.03617,0.43901,0.1832,0.17451,0.11515,2.11972,2.61224,2.09448,6.89475e-05,6.89475e-05,6.89475e-05
87,27798.7,0.66806,0.65514,1.03388,0.42707,0.18011,0.17972,0.11616,2.09481,2.63109,2.07329,6.4641e-05,6.4641e-05,6.4641e-05
88,28104.7,0.67751,0.6267,1.03742,0.4906,0.1744,0.17632,0.11591,2.12652,2.66692,2.0894,6.03345e-05,6.03345e-05,6.03345e-05
89,28401.5,0.64297,0.63089,1.01661,0.47752,0.18437,0.17987,0.11502,2.14161,2.6427,2.08662,5.6028e-05,5.6028e-05,5.6028e-05
90,28696.6,0.67356,0.60478,1.04122,0.55658,0.172,0.18338,0.11857,2.11267,2.63257,2.08402,5.17215e-05,5.17215e-05,5.17215e-05
91,28995.7,0.6197,0.57747,1.0207,0.49836,0.18631,0.1835,0.11917,2.10583,2.62595,2.0837,4.7415e-05,4.7415e-05,4.7415e-05
92,29309,0.59497,0.56133,1.00711,0.49912,0.18355,0.18614,0.11991,2.07438,2.62759,2.05295,4.31085e-05,4.31085e-05,4.31085e-05
93,29609.9,0.5868,0.54422,0.9924,0.44757,0.17723,0.18519,0.11901,2.06364,2.59375,2.03492,3.8802e-05,3.8802e-05,3.8802e-05
94,29912.1,0.57651,0.54857,0.99988,0.52847,0.17735,0.19025,0.11808,2.09934,2.59674,2.04466,3.44955e-05,3.44955e-05,3.44955e-05
95,30213.1,0.59637,0.5261,0.99405,0.52456,0.17948,0.18224,0.11552,2.08913,2.60464,2.06859,3.0189e-05,3.0189e-05,3.0189e-05
96,30513.7,0.55702,0.52818,0.99531,0.50913,0.18211,0.17906,0.11461,2.07941,2.6044,2.06728,2.58825e-05,2.58825e-05,2.58825e-05
97,30818.8,0.55792,0.52218,0.99059,0.50006,0.18105,0.18606,0.11879,2.0841,2.61801,2.06111,2.1576e-05,2.1576e-05,2.1576e-05
98,31124.2,0.55484,0.52947,0.99478,0.50223,0.17939,0.17693,0.11611,2.09926,2.63629,2.06286,1.72695e-05,1.72695e-05,1.72695e-05
99,31429.6,0.54078,0.50735,0.98475,0.49082,0.18082,0.17862,0.11616,2.1041,2.62685,2.06507,1.2963e-05,1.2963e-05,1.2963e-05
100,31739.3,0.55663,0.52963,0.98445,0.38493,0.19523,0.17859,0.11474,2.11208,2.60299,2.07306,8.6565e-06,8.6565e-06,8.6565e-06
